Workbook

Sheet Instructions
B1: Revenue Cycle Analyst Competency Exercise
B2: 2.26.2026
B4: See "Data" tab for a subset of our charge batch tracker. See below for exercise instructions:
B6: 1. Pull in iStats volume data from "Stats Query" tab into Column N on "Data" tab - please keep intact formulas/functions that you use.
B7: 2. Put together a management report that shows locations that have any variances between cover sheet, charge sheet, and iStats.
B8: 3. Put together a management report that shows how many business days it's taking each location to get the data to PPM.
B9: 4. Put together a management report that shows how many business days it's taking Onshore to send to Offshore
B10: 5. Put together a management report that shows how many business days it's taking Offshore to process once rec'd from Onshore.
B11: 6. Draft email to clinic staff asking them to look into variance between coversheet and charge sheets.

Sheet Data
A1: Provider Name (Last, First) | B1: Batch Name (FIle Name) | C1: iStats Provider Name | D1: Clinic/Procedures | E1: Date of Service | F1: Location | G1: Onshore Received Date (PPM) | H1: Sent to Offshore Date (PPM) | I1: Offshore Process Date (VEE) | J1: Days to PPM | K1: Onshore to Offshore Days | L1: Offshore Processing Days | M1: Cover Sheet Volumes (VEE) | N1: Charge Sheet Volumes (VEE) | O1: iStats Volumes (Stats Query tab) (PMG) | P1: Notes | Q1: Cover vs Charge Variance | R1: Cover vs iStats Variance | S1: Charge vs iStats Variance | T1: Flag
A2: Coles, Jill | B2: PMG_C_01052026_BRECK_C1 | C2: Jill Coles, CNP | D2: Clinics | E2: 46027 | F2: Breckinridge Health | G2: 46029 | H2: 46031 | I2: 46034 | J2: =NETWORKDAYS(E2,G2) -> 3 | K2: =NETWORKDAYS(G2, H2) -> 3 | L2: =IF(OR(H2="", I2="", I2<H2), "", NETWORKDAYS(H2, I2)) -> 2 | M2: 14 | N2: 14 | O2: {=_xlfn.XLOOKUP(1, ('Stats Query'!C:C = E2) * ('Stats Query'!B:B = F2), 'Stats Query'!D:D, "")} -> 12 | Q2: =M2-N2 -> 0 | R2: =M2-O2 -> 2 | S2: =N2-O2 -> 2 | T2: =IF(OR(M2<>N2, M2<>O2, N2<>O2), "Variance", "OK") -> Variance
A3: Black, Chase | B3: PMG_C_01052026_RHEA_C | C3: Dr. Chase Black | D3: Clinics | E3: 46027 | F3: Rhea Medical Center | G3: 46031 | H3: 46035 | I3: 46036 | J3: =NETWORKDAYS(E3,G3) -> 5 | K3: =NETWORKDAYS(G3, H3) -> 3 | L3: =IF(OR(H3="", I3="", I3<H3), "", NETWORKDAYS(H3, I3)) -> 2 | M3: 17 | N3: 16 | O3: {=_xlfn.XLOOKUP(1, ('Stats Query'!C:C = E3) * ('Stats Query'!B:B = F3), 'Stats Query'!D:D, "")} -> 17 | Q3: =M3-N3 -> 1 | R3: =M3-O3 -> 0 | S3: =N3-O3 -> -1 | T3: =IF(OR(M3<>N3, M3<>O3, N3<>O3), "Variance", "OK") -> Variance
A4: Dulgar, Amy | B4: PMG_C_01052026_CYSTL_C7 | C4: Amy Dulgar, CNP | D4: Clinics | E4: 46027 | F4: Crystal Clinic | G4: 46028 | H4: 46028 | I4: 46050 | J4: =NETWORKDAYS(E4,G4) -> 2 | K4: =NETWORKDAYS(G4, H4) -> 1 | L4: =IF(OR(H4="", I4="", I4<H4), "", NETWORKDAYS(H4, I4)) -> 17 | M4: 21 | N4: 21 | O4: {=_xlfn.XLOOKUP(1, ('Stats Query'!C:C = E4) * ('Stats Query'!B:B = F4), 'Stats Query'!D:D, "")} -> 21 | Q4: =M4-N4 -> 0 | R4: =M4-O4 -> 0 | S4: =N4-O4 -> 0 | T4: =IF(OR(M4<>N4, M4<>O4, N4<>O4), "Variance", "OK") -> OK
A5: Derhammer, Elizabeth | B5: PMG_C_01062026_CCAN_C8 | C5: Elizabeth Derhammer, CNP | D5: Clinics | E5: 46028 | F5: Crystal Clinic Canton | G5: 46029 | H5: 46031 | I5: 46034 | J5: =NETWORKDAYS(E5,G5) -> 2 | K5: =NETWORKDAYS(G5, H5) -> 3 | L5: =IF(OR(H5="", I5="", I5<H5), "", NETWORKDAYS(H5, I5)) -> 2 | M5: 19 | N5: 19 | O5: {=_xlfn.XLOOKUP(1, ('Stats Query'!C:C = E5) * ('Stats Query'!B:B = F5), 'Stats Query'!D:D, "")} -> 19 | Q5: =M5-N5 -> 0 | R5: =M5-O5 -> 0 | S5: =N5-O5 -> 0 | T5: =IF(OR(M5<>N5, M5<>O5, N5<>O5), "Variance", "OK") -> OK
A6: Dodds, Valerie | B6: PMG_C_01062026_ESC_C4 | C6: Valerie Dodds, CNP | D6: Clinics | E6: 46028 | F6: Edgewood | G6: 46029 | H6: 46031 | I6: 46034 | J6: =NETWORKDAYS(E6,G6) -> 2 | K6: =NETWORKDAYS(G6, H6) -> 3 | L6: =IF(OR(H6="", I6="", I6<H6), "", NETWORKDAYS(H6, I6)) -> 2 | M6: 14 | N6: 14 | O6: {=_xlfn.XLOOKUP(1, ('Stats Query'!C:C = E6) * ('Stats Query'!B:B = F6), 'Stats Query'!D:D, "")} -> 14 | Q6: =M6-N6 -> 0 | R6: =M6-O6 -> 0 | S6: =N6-O6 -> 0 | T6: =IF(OR(M6<>N6, M6<>O6, N6<>O6), "Variance", "OK") -> OK
A7: Black, Chase | B7: PMG_C_01062026_RHEA_P | C7: Dr. Chase Black | D7: Procedures | E7: 46028 | F7: Rhea Medical Center | G7: 46031 | H7: 46035 | I7: 46036 | J7: =NETWORKDAYS(E7,G7) -> 4 | K7: =NETWORKDAYS(G7, H7) -> 3 | L7: =IF(OR(H7="", I7="", I7<H7), "", NETWORKDAYS(H7, I7)) -> 2 | M7: 25 | N7: 25 | O7: {=_xlfn.XLOOKUP(1, ('Stats Query'!C:C = E7) * ('Stats Query'!B:B = F7), 'Stats Query'!D:D, "")} -> 25 | P7: blanks filled in w/ above date from same clinic | Q7: =M7-N7 -> 0 | R7: =M7-O7 -> 0 | S7: =N7-O7 -> 0 | T7: =IF(OR(M7<>N7, M7<>O7, N7<>O7), "Variance", "OK") -> OK
A8: Coles, Jill | B8: PMG_C_01062026_TNLKS_C1 | C8: Jill Coles, CNP | D8: Clinics | E8: 46028 | F8: Twin Lakes RMC | G8: 46031 | H8: 46035 | I8: 46037 | J8: =NETWORKDAYS(E8,G8) -> 4 | K8: =NETWORKDAYS(G8, H8) -> 3 | L8: =IF(OR(H8="", I8="", I8<H8), "", NETWORKDAYS(H8, I8)) -> 3 | M8: 25 | N8: 25 | O8: {=_xlfn.XLOOKUP(1, ('Stats Query'!C:C = E8) * ('Stats Query'!B:B = F8), 'Stats Query'!D:D, "")} -> 25 | Q8: =M8-N8 -> 0 | R8: =M8-O8 -> 0 | S8: =N8-O8 -> 0 | T8: =IF(OR(M8<>N8, M8<>O8, N8<>O8), "Variance", "OK") -> OK
A9: Dulgar, Amy | B9: PMG_C_01062026_CYSTL_C7 | C9: Amy Dulgar, CNP | D9: Clinics | E9: 46028 | F9: Crystal Clinic | G9: 46031 | H9: 46035 | I9: 46041 | J9: =NETWORKDAYS(E9,G9) -> 4 | K9: =NETWORKDAYS(G9, H9) -> 3 | L9: =IF(OR(H9="", I9="", I9<H9), "", NETWORKDAYS(H9, I9)) -> 5 | M9: 23 | N9: 23 | O9: {=_xlfn.XLOOKUP(1, ('Stats Query'!C:C = E9) * ('Stats Query'!B:B = F9), 'Stats Query'!D:D, "")} -> 23 | Q9: =M9-N9 -> 0 | R9: =M9-O9 -> 0 | S9: =N9-O9 -> 0 | T9: =IF(OR(M9<>N9, M9<>O9, N9<>O9), "Variance", "OK") -> OK
A10: WATTS, JEFFREY | B10: PMG_C_01072026_ESC_C2 | C10: WATTS, JEFFREY | D10: Clinics | E10: 46029 | F10: Edgewood | G10: 46030 | H10: 46031 | I10: 46034 | J10: =NETWORKDAYS(E10,G10) -> 2 | K10: =NETWORKDAYS(G10, H10) -> 2 | L10: =IF(OR(H10="", I10="", I10<H10), "", NETWORKDAYS(H10, I10)) -> 2 | M10: 2 | N10: 2 | O10: {=_xlfn.XLOOKUP(1, ('Stats Query'!C:C = E10) * ('Stats Query'!B:B = F10), 'Stats Query'!D:D, "")} -> 2 | Q10: =M10-N10 -> 0 | R10: =M10-O10 -> 0 | S10: =N10-O10 -> 0 | T10: =IF(OR(M10<>N10, M10<>O10, N10<>O10), "Variance", "OK") -> OK
A11: Dodds, Valerie | B11: PMG_C_01072026_ESC_C4 | C11: Valerie Dodds, CNP | D11: Clinics | E11: 46029 | F11: Edgewood | G11: 46030 | H11: 46031 | I11: 46034 | J11: =NETWORKDAYS(E11,G11) -> 2 | K11: =NETWORKDAYS(G11, H11) -> 2 | L11: =IF(OR(H11="", I11="", I11<H11), "", NETWORKDAYS(H11, I11)) -> 2 | M11: 19 | N11: 17 | O11: {=_xlfn.XLOOKUP(1, ('Stats Query'!C:C = E11) * ('Stats Query'!B:B = F11), 'Stats Query'!D:D, "")} -> 2 | P11: high variance | Q11: =M11-N11 -> 2 | R11: =M11-O11 -> 17 | S11: =N11-O11 -> 15 | T11: =IF(OR(M11<>N11, M11<>O11, N11<>O11), "Variance", "OK") -> Variance
A12: Coles, Jill | B12: PMG_C_01072026_TNLKS_C1 | C12: Jill Coles, CNP | D12: Clinics | E12: 46029 | F12: Twin Lakes RMC | G12: 46031 | H12: 46035 | I12: 46036 | J12: =NETWORKDAYS(E12,G12) -> 3 | K12: =NETWORKDAYS(G12, H12) -> 3 | L12: =IF(OR(H12="", I12="", I12<H12), "", NETWORKDAYS(H12, I12)) -> 2 | M12: 23 | N12: 23 | O12: {=_xlfn.XLOOKUP(1, ('Stats Query'!C:C = E12) * ('Stats Query'!B:B = F12), 'Stats Query'!D:D, "")} -> 23 | Q12: =M12-N12 -> 0 | R12: =M12-O12 -> 0 | S12: =N12-O12 -> 0 | T12: =IF(OR(M12<>N12, M12<>O12, N12<>O12), "Variance", "OK") -> OK
A13: Bell, Abigail | B13: PMG_C_01072026_CIND_C6 | C13: Abigail Bell, APRN | D13: Clinics | E13: 46029 | F13: Crystal Clinic Independence | G13: 46031 | H13: 46035 | I13: 46037 | J13: =NETWORKDAYS(E13,G13) -> 3 | K13: =NETWORKDAYS(G13, H13) -> 3 | L13: =IF(OR(H13="", I13="", I13<H13), "", NETWORKDAYS(H13, I13)) -> 3 | M13: 19 | N13: 19 | O13: {=_xlfn.XLOOKUP(1, ('Stats Query'!C:C = E13) * ('Stats Query'!B:B = F13), 'Stats Query'!D:D, "")} -> 19 | Q13: =M13-N13 -> 0 | R13: =M13-O13 -> 0 | S13: =N13-O13 -> 0 | T13: =IF(OR(M13<>N13, M13<>O13, N13<>O13), "Variance", "OK") -> OK
A14: Black, Chase | B14: PMG_C_01072026_RHEA_C | C14: Dr. Chase Black | D14: Clinics | E14: 46029 | F14: Rhea Medical Center | G14: 46034 | H14: 46035 | I14: 46037 | J14: =NETWORKDAYS(E14,G14) -> 4 | K14: =NETWORKDAYS(G14, H14) -> 2 | L14: =IF(OR(H14="", I14="", I14<H14), "", NETWORKDAYS(H14, I14)) -> 3 | M14: 22 | N14: 22 | O14: {=_xlfn.XLOOKUP(1, ('Stats Query'!C:C = E14) * ('Stats Query'!B:B = F14), 'Stats Query'!D:D, "")} -> 22 | Q14: =M14-N14 -> 0 | R14: =M14-O14 -> 0 | S14: =N14-O14 -> 0 | T14: =IF(OR(M14<>N14, M14<>O14, N14<>O14), "Variance", "OK") -> OK
A15: Dulgar, Amy | B15: PMG_C_01072026_CYSTL_C7 | C15: Amy Dulgar, CNP | D15: Clinics | E15: 46029 | F15: Crystal Clinic | G15: 46031 | H15: 46035 | I15: 46041 | J15: =NETWORKDAYS(E15,G15) -> 3 | K15: =NETWORKDAYS(G15, H15) -> 3 | L15: =IF(OR(H15="", I15="", I15<H15), "", NETWORKDAYS(H15, I15)) -> 5 | M15: 20 | N15: 20 | O15: {=_xlfn.XLOOKUP(1, ('Stats Query'!C:C = E15) * ('Stats Query'!B:B = F15), 'Stats Query'!D:D, "")} -> 20 | Q15: =M15-N15 -> 0 | R15: =M15-O15 -> 0 | S15: =N15-O15 -> 0 | T15: =IF(OR(M15<>N15, M15<>O15, N15<>O15), "Variance", "OK") -> OK
A16: Ball, Amber | B16: PMG_C_01072026_PAULD_C2 | C16: Amber Ball, CNP | D16: Clinics | E16: 46029 | F16: Paulding County | G16: 46031 | H16: 46035 | I16: 46042 | J16: =NETWORKDAYS(E16,G16) -> 3 | K16: =NETWORKDAYS(G16, H16) -> 3 | L16: =IF(OR(H16="", I16="", I16<H16), "", NETWORKDAYS(H16, I16)) -> 6 | M16: 10 | N16: 10 | O16: {=_xlfn.XLOOKUP(1, ('Stats Query'!C:C = E16) * ('Stats Query'!B:B = F16), 'Stats Query'!D:D, "")} -> 10 | Q16: =M16-N16 -> 0 | R16: =M16-O16 -> 0 | S16: =N16-O16 -> 0 | T16: =IF(OR(M16<>N16, M16<>O16, N16<>O16), "Variance", "OK") -> OK
A17: Dulgar, Amy | B17: PMG_C_01082026_CCAN_C7 | C17: Amy Dulgar, CNP | D17: Clinics | E17: 46030 | F17: Crystal Clinic Canton | G17: 46030 | H17: 46031 | I17: 46034 | J17: =NETWORKDAYS(E17,G17) -> 1 | K17: =NETWORKDAYS(G17, H17) -> 2 | L17: =IF(OR(H17="", I17="", I17<H17), "", NETWORKDAYS(H17, I17)) -> 2 | M17: 20 | N17: 20 | O17: {=_xlfn.XLOOKUP(1, ('Stats Query'!C:C = E17) * ('Stats Query'!B:B = F17), 'Stats Query'!D:D, "")} -> 20 | Q17: =M17-N17 -> 0 | R17: =M17-O17 -> 0 | S17: =N17-O17 -> 0 | T17: =IF(OR(M17<>N17, M17<>O17, N17<>O17), "Variance", "OK") -> OK
A18: Derhammer, Elizabeth | B18: PMG_C_01082026_CYSTL_C8 | C18: Elizabeth Derhammer, CNP | D18: Clinics | E18: 46030 | F18: Crystal Clinic | G18: 46030 | H18: 46031 | I18: 46034 | J18: =NETWORKDAYS(E18,G18) -> 1 | K18: =NETWORKDAYS(G18, H18) -> 2 | L18: =IF(OR(H18="", I18="", I18<H18), "", NETWORKDAYS(H18, I18)) -> 2 | M18: 21 | N18: 21 | O18: {=_xlfn.XLOOKUP(1, ('Stats Query'!C:C = E18) * ('Stats Query'!B:B = F18), 'Stats Query'!D:D, "")} -> 21 | Q18: =M18-N18 -> 0 | R18: =M18-O18 -> 0 | S18: =N18-O18 -> 0 | T18: =IF(OR(M18<>N18, M18<>O18, N18<>O18), "Variance", "OK") -> OK
A19: WATTS, JEFFREY | B19: PMG_C_01082026_ESC_C2 | C19: WATTS, JEFFREY | D19: Clinics | E19: 46030 | F19: Edgewood | G19: 46030 | H19: 46031 | I19: 46034 | J19: =NETWORKDAYS(E19,G19) -> 1 | K19: =NETWORKDAYS(G19, H19) -> 2 | L19: =IF(OR(H19="", I19="", I19<H19), "", NETWORKDAYS(H19, I19)) -> 2 | M19: 3 | N19: 3 | O19: {=_xlfn.XLOOKUP(1, ('Stats Query'!C:C = E19) * ('Stats Query'!B:B = F19), 'Stats Query'!D:D, "")} -> 3 | Q19: =M19-N19 -> 0 | R19: =M19-O19 -> 0 | S19: =N19-O19 -> 0 | T19: =IF(OR(M19<>N19, M19<>O19, N19<>O19), "Variance", "OK") -> OK
A20: Black, Chase | B20: PMG_C_01082026_RHEA_P | C20: Dr. Chase Black | D20: Procedures | E20: 46030 | F20: Rhea Medical Center | G20: 46034 | H20: 46035 | I20: 46037 | J20: =NETWORKDAYS(E20,G20) -> 3 | K20: =NETWORKDAYS(G20, H20) -> 2 | L20: =IF(OR(H20="", I20="", I20<H20), "", NETWORKDAYS(H20, I20)) -> 3 | M20: 25 | N20: 25 | O20: {=_xlfn.XLOOKUP(1, ('Stats Query'!C:C = E20) * ('Stats Query'!B:B = F20), 'Stats Query'!D:D, "")} -> 25 | Q20: =M20-N20 -> 0 | R20: =M20-O20 -> 0 | S20: =N20-O20 -> 0 | T20: =IF(OR(M20<>N20, M20<>O20, N20<>O20), "Variance", "OK") -> OK
A21: Black, Chase | B21: PMG_C_01082026_RHEA_C | C21: Dr. Chase Black | D21: Procedures | E21: 46030 | F21: Rhea Medical Center | G21: 46034 | H21: 46035 | I21: 46037 | J21: =NETWORKDAYS(E21,G21) -> 3 | K21: =NETWORKDAYS(G21, H21) -> 2 | L21: =IF(OR(H21="", I21="", I21<H21), "", NETWORKDAYS(H21, I21)) -> 3 | M21: 25 | N21: 25 | O21: {=_xlfn.XLOOKUP(1, ('Stats Query'!C:C = E21) * ('Stats Query'!B:B = F21), 'Stats Query'!D:D, "")} -> 25 | P21: batch names seperated into 2 rows | Q21: =M21-N21 -> 0 | R21: =M21-O21 -> 0 | S21: =N21-O21 -> 0 | T21: =IF(OR(M21<>N21, M21<>O21, N21<>O21), "Variance", "OK") -> OK
A22: Coles, Jill | B22: PMG_C_01082026_TNLKS_C1 | C22: Jill Coles, CNP | D22: Clinics | E22: 46030 | F22: Twin Lakes RMC | G22: 46031 | H22: 46035 | I22: 46037 | J22: =NETWORKDAYS(E22,G22) -> 2 | K22: =NETWORKDAYS(G22, H22) -> 3 | L22: =IF(OR(H22="", I22="", I22<H22), "", NETWORKDAYS(H22, I22)) -> 3 | M22: 22 | N22: 22 | O22: {=_xlfn.XLOOKUP(1, ('Stats Query'!C:C = E22) * ('Stats Query'!B:B = F22), 'Stats Query'!D:D, "")} -> 22 | Q22: =M22-N22 -> 0 | R22: =M22-O22 -> 0 | S22: =N22-O22 -> 0 | T22: =IF(OR(M22<>N22, M22<>O22, N22<>O22), "Variance", "OK") -> OK
A23: Dodds, Valerie | B23: PMG_C_01082026_ESC_C4 | C23: Valerie Dodds, CNP | D23: Clinics | E23: 46030 | F23: Edgewood | G23: 46031 | H23: 46035 | I23: 46041 | J23: =NETWORKDAYS(E23,G23) -> 2 | K23: =NETWORKDAYS(G23, H23) -> 3 | L23: =IF(OR(H23="", I23="", I23<H23), "", NETWORKDAYS(H23, I23)) -> 5 | M23: 24 | N23: 24 | O23: {=_xlfn.XLOOKUP(1, ('Stats Query'!C:C = E23) * ('Stats Query'!B:B = F23), 'Stats Query'!D:D, "")} -> 3 | Q23: =M23-N23 -> 0 | R23: =M23-O23 -> 21 | S23: =N23-O23 -> 21 | T23: =IF(OR(M23<>N23, M23<>O23, N23<>O23), "Variance", "OK") -> Variance
A24: Bell, Abigail | B24: PMG_C_01082025_CFALL_C6 | C24: Abigail Bell, APRN | D24: Clinics | E24: 46030 | F24: Crystal Clinic Cuyahoga Falls | G24: 46031 | H24: 46035 | I24: 46042 | J24: =NETWORKDAYS(E24,G24) -> 2 | K24: =NETWORKDAYS(G24, H24) -> 3 | L24: =IF(OR(H24="", I24="", I24<H24), "", NETWORKDAYS(H24, I24)) -> 6 | M24: 20 | N24: 20 | O24: {=_xlfn.XLOOKUP(1, ('Stats Query'!C:C = E24) * ('Stats Query'!B:B = F24), 'Stats Query'!D:D, "")} -> 20 | Q24: =M24-N24 -> 0 | R24: =M24-O24 -> 0 | S24: =N24-O24 -> 0 | T24: =IF(OR(M24<>N24, M24<>O24, N24<>O24), "Variance", "OK") -> OK
A25: Bell, Abigail | B25: PMG_C_01092025_CFALL_C6 | C25: Abigail Bell, APRN | D25: Clinics | E25: 46031 | F25: Crystal Clinic Cuyahoga Falls | G25: 46031 | H25: 46035 | I25: 46041 | J25: =NETWORKDAYS(E25,G25) -> 1 | K25: =NETWORKDAYS(G25, H25) -> 3 | L25: =IF(OR(H25="", I25="", I25<H25), "", NETWORKDAYS(H25, I25)) -> 5 | M25: 19 | N25: 19 | O25: {=_xlfn.XLOOKUP(1, ('Stats Query'!C:C = E25) * ('Stats Query'!B:B = F25), 'Stats Query'!D:D, "")} -> 19 | Q25: =M25-N25 -> 0 | R25: =M25-O25 -> 0 | S25: =N25-O25 -> 0 | T25: =IF(OR(M25<>N25, M25<>O25, N25<>O25), "Variance", "OK") -> OK
A26: Ball, Amber | B26: PMG_C_01122026_VNWRT_C2 | C26: Amber Ball, CNP | D26: Clinics | E26: 46034 | F26: Van Wert | G26: 46035 | H26: 46035 | I26: 46036 | J26: =NETWORKDAYS(E26,G26) -> 2 | K26: =NETWORKDAYS(G26, H26) -> 1 | L26: =IF(OR(H26="", I26="", I26<H26), "", NETWORKDAYS(H26, I26)) -> 2 | M26: 10 | N26: 6 | O26: {=_xlfn.XLOOKUP(1, ('Stats Query'!C:C = E26) * ('Stats Query'!B:B = F26), 'Stats Query'!D:D, "")} -> 10 | Q26: =M26-N26 -> 4 | R26: =M26-O26 -> 0 | S26: =N26-O26 -> -4 | T26: =IF(OR(M26<>N26, M26<>O26, N26<>O26), "Variance", "OK") -> Variance
A27: Coles, Jill | B27: PMG_C_01122026_BRECK_C1 | C27: Jill Coles, CNP | D27: Clinics | E27: 46034 | F27: Breckinridge Health | G27: 46037 | H27: 46042 | I27: 46043 | J27: =NETWORKDAYS(E27,G27) -> 4 | K27: =NETWORKDAYS(G27, H27) -> 4 | L27: =IF(OR(H27="", I27="", I27<H27), "", NETWORKDAYS(H27, I27)) -> 2 | M27: 20 | N27: 20 | O27: {=_xlfn.XLOOKUP(1, ('Stats Query'!C:C = E27) * ('Stats Query'!B:B = F27), 'Stats Query'!D:D, "")} -> 20 | Q27: =M27-N27 -> 0 | R27: =M27-O27 -> 0 | S27: =N27-O27 -> 0 | T27: =IF(OR(M27<>N27, M27<>O27, N27<>O27), "Variance", "OK") -> OK
A28: Derhammer, Elizabeth | B28: PMG_C_01132026_CCAN_C8 | C28: Elizabeth Derhammer, CNP | D28: Clinics | E28: 46035 | F28: Crystal Clinic Canton | G28: 46038 | H28: 46042 | I28: 46048 | J28: =NETWORKDAYS(E28,G28) -> 4 | K28: =NETWORKDAYS(G28, H28) -> 3 | L28: =IF(OR(H28="", I28="", I28<H28), "", NETWORKDAYS(H28, I28)) -> 5 | M28: 17 | N28: 17 | O28: {=_xlfn.XLOOKUP(1, ('Stats Query'!C:C = E28) * ('Stats Query'!B:B = F28), 'Stats Query'!D:D, "")} -> 17 | Q28: =M28-N28 -> 0 | R28: =M28-O28 -> 0 | S28: =N28-O28 -> 0 | T28: =IF(OR(M28<>N28, M28<>O28, N28<>O28), "Variance", "OK") -> OK
A29: WATTS, JEFFREY | B29: PMG_C_01132026_ESC_C2 | C29: WATTS, JEFFREY | D29: Clinics | E29: 46035 | F29: Edgewood | G29: 46035 | H29: 46036 | I29: 46048 | J29: =NETWORKDAYS(E29,G29) -> 1 | K29: =NETWORKDAYS(G29, H29) -> 2 | L29: =IF(OR(H29="", I29="", I29<H29), "", NETWORKDAYS(H29, I29)) -> 9 | M29: 1 | N29: 1 | O29: {=_xlfn.XLOOKUP(1, ('Stats Query'!C:C = E29) * ('Stats Query'!B:B = F29), 'Stats Query'!D:D, "")} -> 4 | Q29: =M29-N29 -> 0 | R29: =M29-O29 -> -3 | S29: =N29-O29 -> -3 | T29: =IF(OR(M29<>N29, M29<>O29, N29<>O29), "Variance", "OK") -> Variance
A30: WATTS, JEFFREY | B30: PMG_C_01132026_ESC_P2 | C30: WATTS, JEFFREY | D30: Clinics | E30: 46035 | F30: Edgewood | G30: 46037 | H30: 46042 | I30: 46048 | J30: =NETWORKDAYS(E30,G30) -> 3 | K30: =NETWORKDAYS(G30, H30) -> 4 | L30: =IF(OR(H30="", I30="", I30<H30), "", NETWORKDAYS(H30, I30)) -> 5 | M30: 1 | N30: 1 | O30: {=_xlfn.XLOOKUP(1, ('Stats Query'!C:C = E30) * ('Stats Query'!B:B = F30), 'Stats Query'!D:D, "")} -> 4 | P30: batch names & dates separated into 2 rows | Q30: =M30-N30 -> 0 | R30: =M30-O30 -> -3 | S30: =N30-O30 -> -3 | T30: =IF(OR(M30<>N30, M30<>O30, N30<>O30), "Variance", "OK") -> Variance
A31: WATTS, JEFFREY | B31: PMG_C_01142026_ESC_C2 | C31: WATTS, JEFFREY | D31: Clinics | E31: 46036 | F31: Edgewood | G31: 46037 | H31: 46042 | I31: 46044 | J31: =NETWORKDAYS(E31,G31) -> 2 | K31: =NETWORKDAYS(G31, H31) -> 4 | L31: =IF(OR(H31="", I31="", I31<H31), "", NETWORKDAYS(H31, I31)) -> 3 | M31: 5 | N31: 5 | O31: {=_xlfn.XLOOKUP(1, ('Stats Query'!C:C = E31) * ('Stats Query'!B:B = F31), 'Stats Query'!D:D, "")} -> 5 | P31: blanks filled in w/ above date | Q31: =M31-N31 -> 0 | R31: =M31-O31 -> 0 | S31: =N31-O31 -> 0 | T31: =IF(OR(M31<>N31, M31<>O31, N31<>O31), "Variance", "OK") -> OK
A32: Derhammer, Elizabeth | B32: PMG_C_01152026_CCAN_C8 | C32: Elizabeth Derhammer, CNP | D32: Clinics | E32: 46037 | F32: Crystal Clinic Canton | G32: 46038 | H32: 46042 | I32: 46045 | J32: =NETWORKDAYS(E32,G32) -> 2 | K32: =NETWORKDAYS(G32, H32) -> 3 | L32: =IF(OR(H32="", I32="", I32<H32), "", NETWORKDAYS(H32, I32)) -> 4 | M32: 17 | N32: 17 | O32: {=_xlfn.XLOOKUP(1, ('Stats Query'!C:C = E32) * ('Stats Query'!B:B = F32), 'Stats Query'!D:D, "")} -> 17 | Q32: =M32-N32 -> 0 | R32: =M32-O32 -> 0 | S32: =N32-O32 -> 0 | T32: =IF(OR(M32<>N32, M32<>O32, N32<>O32), "Variance", "OK") -> OK
A33: Dodds, Valerie | B33: PMG_C_01152026_ESC_C4 | C33: Valerie Dodds, CNP | D33: Clinics | E33: 46037 | F33: Edgewood | G33: 46041 | H33: 46043 | I33: 46048 | J33: =NETWORKDAYS(E33,G33) -> 3 | K33: =NETWORKDAYS(G33, H33) -> 3 | L33: =IF(OR(H33="", I33="", I33<H33), "", NETWORKDAYS(H33, I33)) -> 4 | M33: 20 | N33: 20 | O33: {=_xlfn.XLOOKUP(1, ('Stats Query'!C:C = E33) * ('Stats Query'!B:B = F33), 'Stats Query'!D:D, "")} -> 20 | Q33: =M33-N33 -> 0 | R33: =M33-O33 -> 0 | S33: =N33-O33 -> 0 | T33: =IF(OR(M33<>N33, M33<>O33, N33<>O33), "Variance", "OK") -> OK
A34: Dodds, Valerie | B34: PMG_C_01162026_ESC_C4 | C34: Valerie Dodds, CNP | D34: Clinics | E34: 46038 | F34: Edgewood | G34: 46041 | H34: 46043 | I34: 46044 | J34: =NETWORKDAYS(E34,G34) -> 2 | K34: =NETWORKDAYS(G34, H34) -> 3 | L34: =IF(OR(H34="", I34="", I34<H34), "", NETWORKDAYS(H34, I34)) -> 2 | M34: 16 | N34: 14 | O34: {=_xlfn.XLOOKUP(1, ('Stats Query'!C:C = E34) * ('Stats Query'!B:B = F34), 'Stats Query'!D:D, "")} -> 16 | Q34: =M34-N34 -> 2 | R34: =M34-O34 -> 0 | S34: =N34-O34 -> -2 | T34: =IF(OR(M34<>N34, M34<>O34, N34<>O34), "Variance", "OK") -> Variance
A35: Coles, Jill | B35: PMG_C_01192026_BRECK_C1 | C35: Jill Coles, CNP | D35: Clinics | E35: 46041 | F35: Breckinridge Health | G35: 46041 | H35: 46042 | I35: 46044 | J35: =NETWORKDAYS(E35,G35) -> 1 | K35: =NETWORKDAYS(G35, H35) -> 2 | L35: =IF(OR(H35="", I35="", I35<H35), "", NETWORKDAYS(H35, I35)) -> 3 | M35: 18 | N35: 18 | O35: {=_xlfn.XLOOKUP(1, ('Stats Query'!C:C = E35) * ('Stats Query'!B:B = F35), 'Stats Query'!D:D, "")} -> 18 | Q35: =M35-N35 -> 0 | R35: =M35-O35 -> 0 | S35: =N35-O35 -> 0 | T35: =IF(OR(M35<>N35, M35<>O35, N35<>O35), "Variance", "OK") -> OK
A36: Dodds, Valerie | B36: PMG_C_01192026_ESC_C4 | C36: Valerie Dodds, CNP | D36: Clinics | E36: 46041 | F36: Edgewood | G36: 46041 | H36: 46043 | I36: 46048 | J36: =NETWORKDAYS(E36,G36) -> 1 | K36: =NETWORKDAYS(G36, H36) -> 3 | L36: =IF(OR(H36="", I36="", I36<H36), "", NETWORKDAYS(H36, I36)) -> 4 | M36: 12 | N36: 12 | O36: {=_xlfn.XLOOKUP(1, ('Stats Query'!C:C = E36) * ('Stats Query'!B:B = F36), 'Stats Query'!D:D, "")} -> 12 | Q36: =M36-N36 -> 0 | R36: =M36-O36 -> 0 | S36: =N36-O36 -> 0 | T36: =IF(OR(M36<>N36, M36<>O36, N36<>O36), "Variance", "OK") -> OK
A37: Dodds, Valerie | B37: PMG_C_01202026_ESC_C4 | C37: Valerie Dodds, CNP | D37: Clinics | E37: 46042 | F37: Edgewood | G37: 46048 | H37: 46051 | I37: 46045 | J37: =NETWORKDAYS(E37,G37) -> 5 | K37: =NETWORKDAYS(G37, H37) -> 4 | L37: =IF(OR(H37="", I37="", I37<H37), "", NETWORKDAYS(H37, I37)) | M37: 18 | N37: 18 | O37: {=_xlfn.XLOOKUP(1, ('Stats Query'!C:C = E37) * ('Stats Query'!B:B = F37), 'Stats Query'!D:D, "")} -> 18 | P37: processing date occuring before sent date | Q37: =M37-N37 -> 0 | R37: =M37-O37 -> 0 | S37: =N37-O37 -> 0 | T37: =IF(OR(M37<>N37, M37<>O37, N37<>O37), "Variance", "OK") -> OK
A38: Bertram, Spencer | B38: PMGPLLC_C_01292026_CLARE_P | C38: Dr Spencer Bertram | D38: Procedures | E38: 46051 | F38: Clare | G38: 46052 | H38: 46055 | I38: 46054 | J38: =NETWORKDAYS(E38,G38) -> 2 | K38: =NETWORKDAYS(G38, H38) -> 2 | L38: =IF(OR(H38="", I38="", I38<H38), "", NETWORKDAYS(H38, I38)) | M38: 22 | N38: 22 | O38: {=_xlfn.XLOOKUP(1, ('Stats Query'!C:C = E38) * ('Stats Query'!B:B = F38), 'Stats Query'!D:D, "")} -> 22 | P38: processing date occuring before sent date | Q38: =M38-N38 -> 0 | R38: =M38-O38 -> 0 | S38: =N38-O38 -> 0 | T38: =IF(OR(M38<>N38, M38<>O38, N38<>O38), "Variance", "OK") -> OK
A39: Massey, Chelsea | B39: PMG_C_01302026_RHEA_C4 | C39: Chelsea Massey, CNP | D39: Clinics | E39: 46052 | F39: Rhea Medical Center | G39: 46052 | H39: 46055 | I39: 46054 | J39: =NETWORKDAYS(E39,G39) -> 1 | K39: =NETWORKDAYS(G39, H39) -> 2 | L39: =IF(OR(H39="", I39="", I39<H39), "", NETWORKDAYS(H39, I39)) | M39: 23 | N39: 23 | O39: {=_xlfn.XLOOKUP(1, ('Stats Query'!C:C = E39) * ('Stats Query'!B:B = F39), 'Stats Query'!D:D, "")} -> 23 | P39: processing date occuring before sent date | Q39: =M39-N39 -> 0 | R39: =M39-O39 -> 0 | S39: =N39-O39 -> 0 | T39: =IF(OR(M39<>N39, M39<>O39, N39<>O39), "Variance", "OK") -> OK

Sheet Stats Query
B2: Location | C2: Date of Service | D2: iStats Volumes (PMG)
B3: Breckinridge Health | C3: 46027 | D3: 12
B4: Breckinridge Health | C4: 46034 | D4: 20
B5: Breckinridge Health | C5: 46041 | D5: 18
B6: Clare | C6: 46051 | D6: 22
B7: Crystal Clinic | C7: 46030 | D7: 21
B8: Crystal Clinic | C8: 46028 | D8: 23
B9: Crystal Clinic | C9: 46029 | D9: 20
B10: Crystal Clinic | C10: 46027 | D10: 21
B11: Crystal Clinic Canton | C11: 46028 | D11: 19
B12: Crystal Clinic Canton | C12: 46030 | D12: 20
B13: Crystal Clinic Canton | C13: 46037 | D13: 17
B14: Crystal Clinic Canton | C14: 46035 | D14: 17
... B38: Van Wert | C38: 46034 | D38: 10

Sheet Volume Variances
A3: Location | B3: Flag | C3: Sum of Cover Sheet Volumes (VEE) | D3: Sum of Charge Sheet Volumes (VEE) | E3: Sum of iStats Volumes (Stats Query tab) (PMG) | F3: Sum of Cover vs Charge Variance | G3: Sum of Cover vs iStats Variance | H3: Sum of Charge vs iStats Variance
A4: Breckinridge Health | B4: OK | C4: 38 | D4: 38 | E4: 38 | F4: 0 | G4: 0 | H4: 0
B5: Variance | C5: 14 | D5: 14 | E5: 12 | F5: 0 | G5: 2 | H5: 2
A6: Breckinridge Health Total | C6: 52 | D6: 52 | E6: 50 | F6: 0 | G6: 2 | H6: 2
A7: Clare | B7: OK | C7: 22 | D7: 22 | E7: 22 | F7: 0 | G7: 0 | H7: 0
A8: Clare Total | C8: 22 | D8: 22 | E8: 22 | F8: 0 | G8: 0 | H8: 0
A9: Crystal Clinic | B9: OK | C9: 85 | D9: 85 | E9: 85 | F9: 0 | G9: 0 | H9: 0
A10: Crystal Clinic Total | C10: 85 | D10: 85 | E10: 85 | F10: 0 | G10: 0 | H10: 0
A11: Crystal Clinic Canton | B11: OK | C11: 73 | D11: 73 | E11: 73 | F11: 0 | G11: 0 | H11: 0
A12: Crystal Clinic Canton Total | C12: 73 | D12: 73 | E12: 73 | F12: 0 | G12: 0 | H12: 0
A13: Crystal Clinic Cuyahoga Falls | B13: OK | C13: 39 | D13: 39 | E13: 39 | F13: 0 | G13: 0 | H13: 0
A14: Crystal Clinic Cuyahoga Falls Total | C14: 39 | D14: 39 | E14: 39 | F14: 0 | G14: 0 | H14: 0
A15: Crystal Clinic Independence | B15: OK | C15: 19 | D15: 19 | E15: 19 | F15: 0 | G15: 0 | H15: 0
A16: Crystal Clinic Independence Total | C16: 19 | D16: 19 | E16: 19 | F16: 0 | G16: 0 | H16: 0
A17: Edgewood | B17: OK | C17: 74 | D17: 74 | E17: 74 | F17: 0 | G17: 0 | H17: 0
B18: Variance | C18: 61 | D18: 57 | E18: 29 | F18: 4 | G18: 32 | H18: 28
A19: Edgewood Total | C19: 135 | D19: 131 | E19: 103 | F19: 4 | G19: 32 | H19: 28
A20: Paulding County | B20: OK | C20: 10 | D20: 10 | E20: 10 | F20: 0 | G20: 0 | H20: 0
A21: Paulding County Total | C21: 10 | D21: 10 | E21: 10 | F21: 0 | G21: 0 | H21: 0
A22: Rhea Medical Center | B22: OK | C22: 95 | D22: 95 | E22: 95 | F22: 0 | G22: 0 | H22: 0
B23: Variance | C23: 17 | D23: 16 | E23: 17 | F23: 1 | G23: 0 | H23: -1
A24: Rhea Medical Center Total | C24: 112 | D24: 111 | E24: 112 | F24: 1 | G24: 0 | H24: -1
A25: Twin Lakes RMC | B25: OK | C25: 70 | D25: 70 | E25: 70 | F25: 0 | G25: 0 | H25: 0
A26: Twin Lakes RMC Total | C26: 70 | D26: 70 | E26: 70 | F26: 0 | G26: 0 | H26: 0
A27: Van Wert | B27: Variance | C27: 10 | D27: 6 | E27: 10 | F27: 4 | G27: 0 | H27: -4
A28: Van Wert Total | C28: 10 | D28: 6 | E28: 10 | F28: 4 | G28: 0 | H28: -4
A29: Grand Total | C29: 627 | D29: 618 | E29: 593 | F29: 9 | G29: 34 | H29: 25

Sheet Days to PPM
A3: Location | B3: Average of Days to PPM | C3: Max of Days to PPM
A4: Breckinridge Health | B4: 2.6666667 | C4: 4
A5: Clare | B5: 2 | C5: 2
A6: Crystal Clinic | B6: 2.5 | C6: 4
A7: Crystal Clinic Canton | B7: 2.25 | C7: 4
A8: Crystal Clinic Cuyahoga Falls | B8: 1.5 | C8: 2
A9: Crystal Clinic Independence | B9: 3 | C9: 3
A10: Edgewood | B10: 2.1666667 | C10: 5
A11: Paulding County | B11: 3 | C11: 3
A12: Rhea Medical Center | B12: 3.4 | C12: 5
A13: Twin Lakes RMC | B13: 3 | C13: 4
A14: Van Wert | B14: 2 | C14: 2
A15: Grand Total | B15: 2.4864865 | C15: 5

Sheet Onshore to Offshore
A3: Location | B3: Average of Onshore to Offshore Days | C3: Max of Onshore to Offshore Days
A4: Breckinridge Health | B4: 3 | C4: 4
A5: Clare | B5: 2 | C5: 2
A6: Crystal Clinic | B6: 2.25 | C6: 3
A7: Crystal Clinic Canton | B7: 2.75 | C7: 3
A8: Crystal Clinic Cuyahoga Falls | B8: 3 | C8: 3
A9: Crystal Clinic Independence | B9: 3 | C9: 3
A10: Edgewood | B10: 2.9166667 | C10: 4
A11: Paulding County | B11: 3 | C11: 3
A12: Rhea Medical Center | B12: 2.4 | C12: 3
A13: Twin Lakes RMC | B13: 3 | C13: 3
A14: Van Wert | B14: 1 | C14: 1
A15: Grand Total | B15: 2.7027027 | C15: 4

Sheet Offshore Processing
A3: Location | B3: Average of Offshore Processing Days
A4: Breckinridge Health | B4: 2.3333333
A5: Clare | B5: --
A6: Crystal Clinic | B6: 7.25
A7: Crystal Clinic Canton | B7: 3.25
A8: Crystal Clinic Cuyahoga Falls | B8: 5.5
A9: Crystal Clinic Independence | B9: 3
A10: Edgewood | B10: 3.6363636
A11: Paulding County | B11: 6
A12: Rhea Medical Center | B12: 2.5
A13: Twin Lakes RMC | B13: 2.6666667
A14: Van Wert | B14: 2
A15: Grand Total | B15: 3.7941176
